Workbook

Sheet 填写说明 Instructions
B2: Autoliv 供应商可持续指数 · 填写说明
B3: Autoliv Supplier Sustainability Index (ASSI) — Instructions
B4: v1.0 (Cowork, 2026-08-01) · 共 133 题 / 6 大支柱 · 基准 Baseline：Polestar SSI 112 题
B6: 1. 用途：本 ASSI 用于 Autoliv 对直接材料供应商（备件采购、生产或服务）的新供应商准入评估，及现有供应商的年度可持续绩效评估。
B7: Purpose: The ASSI evaluates new suppliers under consideration and existing suppliers (annual assessment) for sourcing of parts, manufacturing or services.
B8: 2. 填写人：应由供应商有能力的人员（如可持续发展经理）完整填写；须同时提供集团与工厂两级信息。
B9: To be completed in full by competent personnel (e.g. sustainability manager); provide both corporate- and factory-level information.
B10: 3. 作答：在「问卷正文」表中，每题于『作答 Answer』列下拉选择 是 / 否 / 不适用(N/A)；并在『支持信息』列填写佐证，作为评分依据。
B11: Answering: for each question pick 是/否/N/A in the Answer column and fill Supporting Information as the basis for scoring.
B12: 4. 计分：总分与各支柱得分自动计算 —— 得分 = Σ权重(是) / Σ权重(全部，剔除 N/A) × 100。权重 1 或 3（透明度·冲突矿产·关键治理与安全项加权 3）。
B13: Scoring is automatic: score = Σweight(Yes) / Σweight(all, excl. N/A) × 100. Weights are 1 or 3.
B14: 5. 最低要求项（标记 R = Requirement）：不可谈判，作为长期合作最低门槛；任一 R 项答『否』即触发未达标提示，须优先整改。
... B33: Demo — 以 Polestar 提供测试问卷为基准重铸为 Autoliv 视角；融合 Autoliv《2025 Sustainable Sourcing Requirements》37 项与吉利/长城/长安/小米/蔚来/奇瑞等客户公开要求；客户名及供应商名按需脱敏，仅限与 Autoliv 沟通使用。

Sheet 工厂基本信息 General Info
B2: 工厂基本信息汇总 Factory Information Summary
B3: 『产品』指供货 Autoliv 的产品；『工厂』指生产该产品的工厂。黄色单元格为供应商填写项；右栏为示例格式。
B4: 字段 Field | C4: 填写 Fill in（黄色） | D4: 示例 Example format
B5: 基本信息 General
B6: 供应商代码 Supplier Code（如有） | D6: AEEK9
B7: 集团英文名称 Headquarter name (EN) | D7: (example) ACME Components AB
B8: 集团英文地址 Headquarter address (EN) | D8: Stockholm, Sweden
B9: 集团联系人 姓名/职务 Corporate contact / title | D9: Jane Doe / Sustainability Mgr
B10: 集团联系人 电话/邮箱 Corporate phone / email | D10: +46 … / jane@acme.com
B11: 工厂英文名称 Factory name (EN) | D11: ACME (Nanjing) Co., Ltd
B12: 工厂中文名称 Factory name (CN) | D12: 南京艾可密有限公司
B13: 工厂地址 Factory address | D13: Nanjing, Jiangsu, China
B14: 工厂联系人 姓名/职务 Factory contact / title | D14: Li Ming / SHE Manager
B15: 工厂联系人 电话/邮箱 Factory phone / email | D15: +86 … / li@acme.com
B16: 经营信息 Business
B17: 与 Autoliv 合作起始年 Year started with Autoliv | D17: 2019
B18: 供货 Autoliv 订单额（USD）Sales of Autoliv orders | D18: 2.2M
B19: 供货 Autoliv 的产品 Product(s) to Autoliv | D19: Seat belt webbing
B20: 供货车型 / 零件号 Models / part numbers | D20: P514 / 12345-AB
B21: 企业性质 Enterprise type（国营/民企/外资） | D21: Foreign / 外资
B22: 其他主要客户 Other major customers | D22: …
B23: 人事工资 HR & Pay
B24: 员工总数（含派遣）Total employees (incl. agency) | D24: 1309
B25: 女员工比例 Female % | D25: 53.6%
B26: 未成年工总数 Juvenile workers | D26: 0
B27: 生产一线班次与工时 Shifts / hours | D27: 2 shift / 5 days
B28: 当地法定最低工资 Local minimum wage | D28: 2280 CNY
B29: 生产与能源 Production & Energy
B30: 生产工序 Manufacturing process | D30: Assembly
B31: 月产能 / 年产量 Monthly capacity / annual output | D31: 5,000,000 / 52,850,000
B32: 外购电量（kWh）Electricity purchased | D32: 6,500,000
B33: 自发可再生电量（kWh）Onsite renewable elec. | D33: 0
B34: 外购绿电量（kWh）Purchased renewable elec. | D34: 0
B35: 煤/天然气/燃料油/蒸汽/压缩空气 消耗量 Other energy | D35: 0 / 0 / 0 / 0 / 0
B36: 其他信息 Other
B37: 客户 CSR/环境/能源审核记录 Client audits（客户名·年份·产线） | D37: SGS ISO14001 ext. audit 2022
B38: 供货 Autoliv 产品主要原材料供应商 Tier 1–4（名称·地址） | D38: …

Sheet 问卷正文 Questionnaire
A1: Autoliv 供应商可持续指数 · 问卷正文 | ASSI Questionnaire | E1: 当前总分 Score → | F1: =IF(SUM(O6:O138)=0,"",ROUND(SUM(P6:P138)/SUM(O6:O138)*100,1)) -> 0
A2: 作答方式：在『作答 Answer』列下拉选择 是/否/不适用；黄色单元格为供应商填写项。总分与各支柱得分自动计算（详见『计分汇总』表）。
A3: Pick 是/否/不适用 in the Answer column; yellow cells are for the supplier. Score auto-updates — see the Score sheet.
A4: 编号 No. | B4: 支柱 Pillar | C4: 二级目录 Subcategory | D4: 对象 Subject | E4: 题目（中文） Question (CN) | F4: Question (EN) | G4: 说明与证据要求 Guideline / Evidence | H4: 作答 Answer | I4: 支持信息 Supporting Info | J4: 行动计划 Action Plan | K4: 强制 R/E/N | L4: 权重 Wt | M4: 对齐#37 Align | N4: 来源 Source | O4: 分母 denom | P4: 分子 num
A5: 示例 | B5: — 示例行 EXAMPLE — | C5: (示例) | D5: 工厂 Fac | E5: （此行为示例，请勿填写；正式题目从下一行开始） | F5: (Example row — do not fill in; real questions start below) | G5: 如『是』请在支持信息栏提供佐证。 | H5: 是 | I5: 例：已通过 ISO 14064 组织碳盘查，报告见附件。 | J5: 例：2026Q4 前完成第三方核查。 | K5: R | L5: 1 | M5: #8 | N5: 示例 Example | O5: =IF(H5="不适用",0,L5) -> 1 | P5: =IF(H5="是",L5,0) -> 1
A6: 1 | B6: P1 可持续管理框架与传导 | C6: 治理责任 Governance | D6: 集团 | E6: 公司是否任命高管层的可持续发展负责人（涵盖社会/合规/环境），职责已成文并保持联系方式更新？ | F6: Has the company appointed an executive-level sustainability lead (covering social, compliance and environment), with documented responsibilities and up-to-date contact details? | G6: 如果'是'，请提供负责人姓名/职务/联系方式。 / If "Yes", provide the lead's name/title/contact. | K6: R | L6: 1 | M6: #33 高管可持续责任人 | N6: Autoliv 采购要求 #33 | O6: =IF(H6="不适用",0,L6) -> 1 | P6: =IF(H6="是",L6,0) -> 0
A7: 2 | B7: P1 可持续管理框架与传导 | C7: 采购及供应商管理 | D7: 集团+工厂 | E7: 选择供应商时，是否将低碳与可持续要求（含 Autoliv 采购要求）作为准入与选择标准？ | F7: When selecting suppliers, do you apply low-carbon and sustainability requirements (including Autoliv's sourcing requirements) as qualification/selection criteria? | G7: 如果'是'，请在支持信息栏说明具体准入标准。可将 Autoliv 低碳准入标准固化进您的供应商准入流程。 / If "Yes", specify the qualification criteria; Autoliv's low-carbon criteria can be embedded into your supplier onboarding. | K7: 计分 | L7: 1 | M7: #34 向上游传导 / #36 年度自评 | N7: Polestar SSI（基准） | O7: =IF(H7="不适用",0,L7) -> 1 | P7: =IF(H7="是",L7,0) -> 0
A8: 3 | B8: P1 可持续管理框架与传导 | C8: 要求传导 Cascade | D8: 集团+工厂 | E8: 是否已将 Autoliv 全部可持续采购要求逐条传导至上游（Tier-2），并验证 Tier-2 已采纳、要求其继续向 Tier-3 传导？ | F8: Have you cascaded ALL of Autoliv's sustainability sourcing requirements to your upstream (Tier-2), verified Tier-2 adoption, and required onward cascade to Tier-3? | G8: 如果'是'，请说明传导方式（合同/问卷/平台）、已覆盖 Tier-2 家数与回执验证方式。此为链主传导关键项。 / If "Yes", describe the cascade method, number of Tier-2 covered, and receipt-verification. Keystone of chain-lead cascade. | K8: R | L8: 3 | M8: #34 向上游传导并验证 | N8: Autoliv 采购要求 #34 · 吉利/奇瑞（要求核心供应商向上传导） | O8: =IF(H8="不适用",0,L8) -> 3 | P8: =IF(H8="是",L8,0) -> 0
A9: 4 | B9: P1 可持续管理框架与传导 | C9: 采购及供应商管理 | D9: 集团+工厂 | E9: 是否对上游供应商开展环保与减排培训？（培训记录即作为支持信息） | F9: Do you provide environmental-protection and emission-reduction training to upstream suppliers? (training records serve as supporting information) | G9: 如果'是'，请提供最近一次培训的时间、地点、参与供应商数量。Autoliv 平台可提供减排/LCA/SBTi 培训课程。 / If "Yes", provide date/location/number of participating suppliers of the last session. | K9: 计分 | L9: 1 | M9: #34 向上游传导 / #36 年度自评 | N9: Polestar SSI（基准） | O9: =IF(H9="不适用",0,L9) -> 1 | P9: =IF(H9="是",L9,0) -> 0
A10: 5 | B10: P1 可持续管理框架与传导 | C10: 全链溯源 Traceability | D10: 工厂 | E10: 是否能按 Autoliv 零件号将供应链追溯至 Tier-N（含原材料级），并全力配合 Autoliv 信息请求？ | F10: Can you trace the supply chain by Autoliv part number down to Tier-N (incl. raw-material level) and fully support Autoliv information requests? | G10: 期望项（2025）。如'是'，说明溯源系统与覆盖层级。 / Expectation (2025). If "Yes", describe the traceability system and coverage. | K10: E | L10: 1 | M10: #35 按零件号全链溯源 | N10: Autoliv 采购要求 #35 · 吉利（GeeTrace 溯源） | O10: =IF(H10="不适用",0,L10) -> 1 | P10: =IF(H10="是",L10,0) -> 0
A11: 6 | B11: P1 可持续管理框架与传导 | C11: 采购及供应商管理 | D11: 集团+工厂 | E11: 是否建立对上游供应商定期环境（及可持续）考核机制，并要求考核结果较差的供应商限期改善？ | F11: Do you operate a mechanism for regular environmental (and sustainability) assessment of upstream suppliers, requiring underperformers to improve within a deadline? | G11: 如果'是'，请说明考核频率、指标与末位改善流程。对齐 Autoliv #34 传导与验证。 / If "Yes", describe frequency, metrics and the underperformer-improvement process. | K11: 计分 | L11: 1 | M11: #34 向上游传导 / 供应商考核 | N11: Polestar SSI（基准） | O11: =IF(H11="不适用",0,L11) -> 1 | P11: =IF(H11="是",L11,0) -> 0
A12: 7 | B12: P1 可持续管理框架与传导 | C12: 年度自评 Self-assessment | D12: 集团 | E12: 是否承诺按 Autoliv 要求 100% 完整完成年度供应商可持续自评问卷（本问卷 / SupplierAssurance-NQC 平台）？ | F12: Do you commit to completing Autoliv's annual supplier sustainability self-assessment (this form / SupplierAssurance-NQC platform) at 100% response? | G12: Requirement（2023）。工具衔接 NQC / Drive Sustainability SAQ 5.0。 / Requirement (2023). Tool links to NQC / Drive Sustainability SAQ 5.0. | K12: R | L12: 1 | M12: #36 年度自评（100% 响应） | N12: Autoliv 采购要求 #36 · Drive Sustainability SAQ 5.0 | O12: =IF(H12="不适用",0,L12) -> 1 | P12: =IF(H12="是",L12,0) -> 0
A13: 8 | B13: P1 可持续管理框架与传导 | C13: 现场审核 Audit | D13: 工厂 | E13: 是否接受并全力配合 Autoliv 及其授权第三方的现场审核，并对发现项制定与落实纠正措施（每 3 年或按风险提前）？ | F13: Do you accept and fully support on-site audits by Autoliv or its authorized third party, and define/implement corrective actions (every 3 years or earlier by risk)? | G13: Requirement（2023）。 / Requirement (2023). | K13: R | L13: 3 | M13: #37 配合 Autoliv 现场审核 | N13: Autoliv 采购要求 #37 · 蔚来(2025年96次现场评审)· 小米(611家现场审核)· RSCI 11 模块 | O13: =IF(H13="不适用",0,L13) -> 3 | P13: =IF(H13="是",L13,0) -> 0
A14: 9 | B14: P2 气候中和 | C14: 管理战略 | D14: 集团+工厂 | E14: 是否在工厂发展战略规划、发展理念等管理方针文件中，包含节能减排等相关内容？ | F14: Are energy conservation and GHG-emission reduction included in the factory's development strategy planning, development concept and other management policies? | G14: If “Yes", please specify in column L. / 如果‘是’，请在L栏描述相关内容。 | K14: 计分 | L14: 1 | M14: #8 全范围GHG追踪 / #7 减排目标 | N14: Polestar SSI（基准） | O14: =IF(H14="不适用",0,L14) -> 1 | P14: =IF(H14="是",L14,0) -> 0
A15: 10 | B15: P2 气候中和 | C15: 管理战略 | D15: 集团+工厂 | E15: 是否有（1）能耗数据统计和（2）碳排放计算和管理？ | F15: Are there: (1) energy consumption data; (2) GHG-emission calculation and management? | G15: If “Yes", please describe the methods of energy consumption and carbon emission calculations in column L. / 如果‘是’，请在L栏描述如何进行能耗数据统计和碳排放计算。 | K15: R | L15: 1 | M15: #8 全范围GHG追踪 / #7 减排目标 | N15: Polestar SSI（基准） | O15: =IF(H15="不适用",0,L15) -> 1 | P15: =IF(H15="是",L15,0) -> 0
A16: 11 | B16: P2 气候中和 | C16: 管理战略 | D16: 集团+工厂 | E16: 是否知道碳减排的概念和知识，是否已经或正在制定碳减排的方案？ | F16: Are you familiar with the concept and knowledge of GHG-emission reduction? Is there a GHG-emission reduction scheme developed or under development? | K16: R | L16: 1 | M16: #8 全范围GHG追踪 / #7 减排目标 | N16: Polestar SSI（基准） | O16: =IF(H16="不适用",0,L16) -> 1 | P16: =IF(H16="是",L16,0) -> 0
A17: 12 | B17: P2 气候中和 | C17: 管理战略 | D17: 集团+工厂 | E17: 是否有负责碳排放统计和管理人员？ | F17: Is there personnel responsible for GHG-emission data and management? | G17: If “Yes", please provide the name and title in column L. / 如果‘是’，请在L栏描述姓名和职位。 | K17: R | L17: 1 | M17: #8 全范围GHG追踪 / #7 减排目标 | N17: Polestar SSI（基准） | O17: =IF(H17="不适用",0,L17) -> 1 | P17: =IF(H17="是",L17,0) -> 0
A18: 13 | B18: P2 气候中和 | C18: 管理战略 | D18: 集团+工厂 | E18: 是否设立何时达到碳中和目标？ | F18: Is there a target for when to achieve net-zero GHG-emissions? | K18: 计分 | L18: 1 | M18: #8 全范围GHG追踪 / #7 减排目标 | N18: Polestar SSI（基准） | O18: =IF(H18="不适用",0,L18) -> 1 | P18: =IF(H18="是",L18,0) -> 0
A19: 14 | B19: P2 气候中和 | C19: 管理战略 Management Strategy | D19: 集团 | E19: 减排目标是否已经或计划经科学碳目标倡议（SBTi）批准（2028 年前完成；战略供应商可能被提前要求）？ | F19: Are your emission-reduction targets approved (or planned) by the Science Based Targets initiative (SBTi), to be completed before 2028? | G19: Expectation（2028）。平台提供 SBTi 辅导课程。 / Expectation (2028). Platform offers SBTi coaching. | K19: E | L19: 1 | M19: #5 SBTi 认证目标 | N19: Autoliv 采购要求 #5 · 吉利/蔚来（已承诺 SBTi） | O19: =IF(H19="不适用",0,L19) -> 1 | P19: =IF(H19="是",L19,0) -> 0
A20: 15 | B20: P2 气候中和 | C20: 管理战略 Management Strategy | D20: 集团 | E20: 是否承诺供货 Autoliv 产品的全供应链 2040 年净零排放，且较 2018 基年 2030 年绝对减排（范围一二三）≥30%？ | F20: Have you committed to net-zero across the full supply chain (for products supplied to Autoliv) by 2040, and ≥30% absolute reduction (Scope 1/2/3) by 2030 vs 2018 baseline? | G20: Expectation（#6/#7）。 / Expectation (#6/#7). | K20: E | L20: 1 | M20: #6 供应链净零 2040 / #7 2030 绝对减排 ≥30% | N20: Autoliv 采购要求 #6/#7 · OEM 净零(吉利/长城2045·长安2045峰值2027·奇瑞2047·小米2040运营) | O20: =IF(H20="不适用",0,L20) -> 1 | P20: =IF(H20="是",L20,0) -> 0
A21: 16 | B21: P2 气候中和 | C21: 采购及供应商管理 | D21: 工厂 | E21: 是否要求上游供应商提供碳排放数据？ | F21: Do you request GHG-emission data from upstream suppliers? | K21: 计分 | L21: 1 | M21: #8 全范围GHG追踪（上游） | N21: Polestar SSI（基准） | O21: =IF(H21="不适用",0,L21) -> 1 | P21: =IF(H21="是",L21,0) -> 0
A22: 17 | B22: P2 气候中和 | C22: 设计 | D22: 工厂 | E22: 是否在产品设计中用环境影响较小的替代品来替代对环境较大影响的资源？ | F22: Do you substitute resources that have adverse environmental impacts with less impactful substitutes in your product design? | G22: If “Yes", please provide examples in column L. / 如果‘是’，请在L栏举例说明。 | K22: 计分 | L22: 1 | M22: #2 LCA | N22: Polestar SSI（基准） | O22: =IF(H22="不适用",0,L22) -> 1 | P22: =IF(H22="是",L22,0) -> 0
A23: 18 | B23: P2 气候中和 | C23: 生产-温室气体核算和申报 | D23: 工厂 | E23: 是否对所有主要温室气体（CO2, CH4, N2O, HFCs, PFCs, SF6）进行核算? | F23: Have you conducted accounting on all major greenhouse gases (GHGs) (CO2, CH4, N2O, HFCs, PFCs, SF6)? | G23: If “Yes", please provide in column L: (1) names of GHGs accounted; (2) standards adopted for accounting. / 如果‘是’，请L栏描述(1)核算何种温室气体(2)核算所采用的标准名称 | K23: 计分 | L23: 1 | M23: #8 全范围GHG追踪 | N23: Polestar SSI（基准） | O23: =IF(H23="不适用",0,L23) -> 1 | P23: =IF(H23="是",L23,0) -> 0
A24: 19 | B24: P2 气候中和 | C24: 生产-温室气体核算和申报 | D24: 工厂 | E24: 是否采用国际标准/国家标准对scope 1（至少一种温室气体）进行核算？ | F24: Have you calculated scope 1 GHG-emission in line with international/national standards? | G24: If “Yes", please provide in column L: (1) emission in ton CO2e; (2) standards adopted for accounting; (3) emission per unit of production value. / GHG emission per unit of production value can be calculated as: C=A/B, where: / C--GHG emission per unit of production value, in tonCO2e/10000CNY; / A--Calculated scope 2 GHG emissions, in ton CO2e; / B--Production value of the corporate last year, in 10000 CNY | K24: R | L24: 1 | M24: #8 全范围GHG追踪 | N24: Polestar SSI（基准） | O24: =IF(H24="不适用",0,L24) -> 1 | P24: =IF(H24="是",L24,0) -> 0
A25: 20 | B25: P2 气候中和 | C25: 生产-温室气体核算和申报 | D25: 工厂 | E25: 是否采用国际标准/国家标准对scope 2（至少一种温室气体）进行核算？ | F25: Have you calculated scope 2 GHG-emission in line with international/national standards? | G25: If “Yes", please provide in column L: (1) emission in ton CO2e; (2) standards adopted for accounting; (3) emission per unit of production value. / GHG emission per unit of production value can be calculated as: C=A/B, where: / C--GHG emission per unit of production value, in tonCO2e/10000CNY; / A--Calculated scope 2 GHG emissions, in ton CO2e; / B--Production value of the corporate last year, in 10000 CNY | K25: R | L25: 1 | M25: #8 全范围GHG追踪 | N25: Polestar SSI（基准） | O25: =IF(H25="不适用",0,L25) -> 1 | P25: =IF(H25="是",L25,0) -> 0
A26: 21 | B26: P2 气候中和 | C26: 生产-温室气体核算和申报 | D26: 工厂 | E26: 是否采用国际标准/国家标准对Scope 3的温室气体（至少一种温室气体）进行核算？ | F26: Have you calculated scope 3 GHG-emission in line with international/national standards? | G26: If “Yes", please provide in column L: (1) emission in ton CO2e; (2) standards adopted for accounting. / Scope 3 refers to all indirect emissions other than scope 2 that occur in the company's value chain, which are generated in related to the company's business but the emission sources are not owned or controlled by the company. / 如果‘是’，请在L栏描述：(1)排放量（单位ton CO2e）；(2)核算所采用的标准名称 / Scope3是指所有不属于Scope2的间接排放， | K26: 计分 | L26: 1 | M26: #8 全范围GHG追踪 | N26: Polestar SSI（基准） | O26: =IF(H26="不适用",0,L26) -> 1 | P26: =IF(H26="是",L26,0) -> 0
A27: 22 | B27: P2 气候中和 | C27: 生产-温室气体核算和申报 | D27: 工厂 | E27: 是否采用适用标准（如 ISO 14067）对交付 Autoliv 的产品进行产品碳足迹（PCF）核算或核查？ | F27: Have you accounted/verified the Product Carbon Footprint (PCF) of products supplied to Autoliv using applicable standards (e.g. ISO 14067)? | G27: 如果'是'，请提供：(1) 排放量（tCO2e 或 kgCO2e，标明单位）；(2) 采用标准。与 Autoliv 新要求 #3 衔接。 / If "Yes", provide emission with unit and the standard adopted. Links to Autoliv new requirement #3. | K27: 计分 | L27: 1 | M27: #3 产品碳足迹 PCF | N27: Polestar SSI（基准） | O27: =IF(H27="不适用",0,L27) -> 1 | P27: =IF(H27="是",L27,0) -> 0
A28: 23 | B28: P2 气候中和 | C28: 生产-温室气体核算和申报 GHG Accounting | D28: 工厂 | E28: 是否能按 ISO 14067 + GHG Protocol + Catena-X Carbon Rulebook 核算交付 Autoliv 产品的"从摇篮到 Autoliv 大门"产品碳足迹（PCF），并支持 ALV GHG 申报 / CBAM / IMDS 报送？ | F28: Can you calculate the cradle-to-Autoliv-gate Product Carbon Footprint (PCF) per ISO 14067 + GHG Protocol + Catena-X Carbon Rulebook, supporting ALV GHG declaration / CBAM / IMDS reporting? | G28: 新要求 New Requirement（2025）。 / New Requirement (2025). | K28: N | L28: 3 | M28: #3 产品碳足迹 PCF（新要求） | N28: Autoliv 采购要求 #3 | O28: =IF(H28="不适用",0,L28) -> 3 | P28: =IF(H28="是",L28,0) -> 0
A29: 24 | B29: P2 气候中和 | C29: 生产-温室气体核算和申报 | D29: 工厂 | E29: 以上温室气体核算是否有第三方认证？ | F29: Is there third party certification for the above GHG-accounting? | G29: If “Yes", please provide in column L: (1) name of certificate; (2) scope; (3) certifying party. / 如果‘是’，请在L栏描述：(1)证书名称；(2)涉及的温室气体审核范围；(3)颁发机构 | K29: 计分 | L29: 1 | M29: #8 GHG追踪 / 披露 | N29: Polestar SSI（基准） | O29: =IF(H29="不适用",0,L29) -> 1 | P29: =IF(H29="是",L29,0) -> 0
A30: 25 | B30: P2 气候中和 | C30: 生产-温室气体核算和申报 | D30: 工厂 | E30: 对供应链的温室气体设置过减排目标？ | F30: Have you set targets for reducing GHG-emissions in your supply chain? | G30: If “Yes", please describe the targets in column L. / 如果‘是’，请L栏描述供应链减排目标。 | K30: 计分 | L30: 1 | M30: #8 GHG追踪 / 披露 | N30: Polestar SSI（基准） | O30: =IF(H30="不适用",0,L30) -> 1 | P30: =IF(H30="是",L30,0) -> 0
A31: 26 | B31: P2 气候中和 | C31: 生产-温室气体核算和申报 | D31: 工厂 | E31: 是否在CDP/政府网站等公共平台上公开温室气体排放数据？ | F31: Are your GHG-emission data available on public platforms such as CDP/ government websites? | G31: If “Yes", please provide the website links in column L. / 如果‘是’，请在L栏提供相关网站链接。 | K31: 计分 | L31: 1 | M31: #8 GHG追踪 / 披露 | N31: Polestar SSI（基准） | O31: =IF(H31="不适用",0,L31) -> 1 | P31: =IF(H31="是",L31,0) -> 0
A32: 27 | B32: P2 气候中和 | C32: 生产-可再生能源使用 Renewable Energy | D32: 工厂 | E32: 申报的绿电比例是否有合规凭证支持（EAC/REC/I-REC/GO 或 PPA，当年退役、注明电量与来源）？注：电网平均绿电占比与核电不计入。 | F32: Is your declared renewable-electricity share backed by compliant certificates (EAC/REC/I-REC/GO or PPA, retired in-year, stating volume & origin)? Grid-average renewable share and nuclear do NOT count. | G32: Requirement（2023）。平台提供绿电绿证管理。 / Requirement (2023). Platform offers green-power / REC management. | K32: R | L32: 1 | M32: #16 绿电比例申报（凭证合规） | N32: Autoliv 采购要求 #16 | O32: =IF(H32="不适用",0,L32) -> 1 | P32: =IF(H32="是",L32,0) -> 0
A33: 28 | B33: P2 气候中和 | C33: 生产-可再生能源使用 Renewable Energy | D33: 集团+工厂 | E33: 是否已承诺 Autoliv 绿电路线图——自身用电 2025 年 ≥30%、2027 年 ≥60%、2030 年 100%，并要求上游 Tier-N 同步承诺？ | F33: Have you committed to Autoliv's green-power trajectory — ≥30% by 2025, ≥60% by 2027, 100% by 2030 — and required Tier-N upstream to commit likewise? | G33: Expectation（#17-19）。 / Expectation (#17-19). | K33: E | L33: 1 | M33: #17–#20 绿电路线图 | N33: Autoliv 采购要求 #17-20 · 奇瑞(核心T1 2030绿电≥60%)· 吉利(2025 100%)· 小米(链T1 2025目标50%+) | O33: =IF(H33="不适用",0,L33) -> 1 | P33: =IF(H33="是",L33,0) -> 0
... A44: 39 | B44: P2 气候中和 | C44: 生产-节能措施 | D44: 工厂 | E44: 近一年内是否有节能改造项目并达到预期效果? | F44: Have you carried out energy efficiency retrofit projects in the past year and achieved the expected results? | G44: If “Yes", please describe the implemented energy efficiency retrofit projects. / 如果‘是’，请在L栏描述已实施的节能改造项目。 | K44: 计分 | L44: 1 | M44: #8 能源管理 / 节能 | N44: Polestar SSI（基准） | O44: =IF(H44="不适用",0,L44) -> 1 | P44: =IF(H44="是",L44,0) -> 0
A45: 40 | B45: P2 气候中和 | C45: 生产-节能措施 | D45: 工厂 | E45: 是否设置在线能源计量管理系统？ | F45: Have you installed online energy metering management system? | K45: 计分 | L45: 1 | M45: #8 能源管理 / 节能 | N45: Polestar SSI（基准） | O45: =IF(H45="不适用",0,L45) -> 1 | P45: =IF(H45="是",L45,0) -> 0
A46: 41 | B46: P2 气候中和 | C46: 生产-节能措施 | D46: 工厂 | E46: 是否使用LED等节能型照明设备，且用占比不低于50%？ | F46: Do you use energy-saving lightings such as LEDs, and the proportion is not less than 50%? | K46: 计分 | L46: 1 | M46: #8 能源管理 / 节能 | N46: Polestar SSI（基准） | O46: =IF(H46="不适用",0,L46) -> 1 | P46: =IF(H46="是",L46,0) -> 0
A47: 42 | B47: P2 气候中和 | C47: 生产-节能措施 | D47: 工厂 | E47: 是否建有厂区清洁能源电站（生物质，太阳能，风能等）？ | F47: Do you have any on-site renewable energy sources (biomass, solar, wind)? | G47: Please state estimated % of on-site renewable thermal energy and/or electricity sources consumption? / 请描述厂区内清洁能源类型和占比 | K47: 计分 | L47: 1 | M47: #8 能源管理 / 节能 | N47: Polestar SSI（基准） | O47: =IF(H47="不适用",0,L47) -> 1 | P47: =IF(H47="是",L47,0) -> 0
A48: 43 | B48: P2 气候中和 | C48: 分材料减排路线图 Material Roadmaps | D48: 工厂 | E48: 是否为供货 Autoliv 的主要金属材料制定减排/再生路线图——钢材 GHG 较 2018 降 ≥35%（2030）、再生铝 ≥75%（或 <4kg CO2e/kg）、再生镁 ≥40%（或 <10kg CO2e/kg），并在 IMDS 记录再生比例？ | F48: Have you set decarbonization/recycled-content roadmaps for the main metals supplied to Autoliv — steel GHG −35% vs 2018 by 2030, recycled aluminium ≥75% (or <4kg CO2e/kg), recycled magnesium ≥40% (or <10kg CO2e/kg) — recording recycled share in IMDS? | G48: Expectation（#9-11）。含气体发生器金属壳体。 / Expectation (#9-11). Incl. inflator metal housings. | K48: E | L48: 1 | M48: #9 钢 / #10 铝 / #11 镁 减排路线图 | N48: Autoliv 采购要求 #9-11 · 吉利(再生钢20%/铝30%)· 奇瑞(100%再生铝一体压铸) | O48: =IF(H48="不适用",0,L48) -> 1 | P48: =IF(H48="是",L48,0) -> 0
A49: 44 | B49: P2 气候中和 | C49: 分材料减排路线图 Material Roadmaps | D49: 工厂 | E49: 是否为树脂与织物类材料制定减排路线图（GHG 较 2018 降 ≥35%，2030），并在 IMDS 记录再生比例？ | F49: Have you set decarbonization roadmaps for resins and fabrics (GHG −35% vs 2018 by 2030) and recorded recycled share in IMDS? | G49: Expectation（#12-13）。 / Expectation (#12-13). | K49: E | L49: 1 | M49: #12 树脂 / #13 织物 减排路线图 | N49: Autoliv 采购要求 #12-13 · 吉利(再生塑料25%) | O49: =IF(H49="不适用",0,L49) -> 1 | P49: =IF(H49="是",L49,0) -> 0
A50: 45 | B50: P2 气候中和 | C50: 物流 | D50: 工厂 | E50: 是否开展绿色物流研究，制定原材料、零部件、场内物料、汽车产品等高效运输方案，提升能源效率、降低污染物排放？ | F50: Have you carried out research on green logistics and formulate efficient transportation plans for raw materials, parts, on-site materials, and automotive products to improve energy efficiency and reduce pollutant emissions? | K50: 计分 | L50: 1 | M50: #14 运输减排路线图 | N50: Polestar SSI（基准） | O50: =IF(H50="不适用",0,L50) -> 1 | P50: =IF(H50="是",L50,0) -> 0
A51: 46 | B51: P2 气候中和 | C51: 物流 | D51: 工厂 | E51: 是否使用以生物质燃料、天然气、电力为动力的运输工具进行物料运输或者作为员工班车? | F51: Do you use transportation vehicles powered by biomass fuels, natural gas or electricity for material transportation or as shuttle buses? | K51: 计分 | L51: 1 | M51: #14 运输减排路线图 | N51: Polestar SSI（基准） | O51: =IF(H51="不适用",0,L51) -> 1 | P51: =IF(H51="是",L51,0) -> 0
A52: 47 | B52: P3 循环性 | C52: 设计 | D52: 工厂 | E52: 是否正在积极努力增加可回收和再利用部分？例如评估哪些材料可以用回收或再利用材料替代；开发新技术以增加回收或再利用材料。 | F52: Are you proactively working on increasing recyclable or reusable materials? Such as assessing which materials could be substituted with recyclable or reusable ones or developing new technology to increase recyclable or reusable materials. | G52: If “Yes", please provide examples in column L. / 如果‘是’，请在L栏举例说明。 | K52: 计分 | L52: 1 | M52: #2 LCA / #4 IMDS | N52: Polestar SSI（基准） | O52: =IF(H52="不适用",0,L52) -> 1 | P52: =IF(H52="是",L52,0) -> 0
A53: 48 | B53: P3 循环性 | C53: 生产-原料减量 | D53: 工厂 | E53: 是否进行过原料减量化（原料减量化指的是减少生产单位产品所需要的原料质量）？ | F53: Has raw material reduction been carried out (raw material reduction refers to reducing the mass of raw materials required to produce a unit of product)? | G53: If “Yes", please provide examples in column L. / 如果‘是’，请在L栏举例说明。 | K53: 计分 | L53: 1 | M53: #2 LCA / #4 IMDS | N53: Polestar SSI（基准） | O53: =IF(H53="不适用",0,L53) -> 1 | P53: =IF(H53="是",L53,0) -> 0
A54: 49 | B54: P3 循环性 | C54: 生产-水资源回用 | D54: 工厂 | E54: 工厂生产过程中是否避免产生工业废水？ | F54: Does the factory avoid industrial waste water during Manufacturing? | G54: If “Yes", please provide the reason why no wastewater is generated in column L. / 如果‘是’，请在L栏描述不产生工业废水的原因。 | K54: 计分 | L54: 1 | M54: #2 LCA / #4 IMDS | N54: Polestar SSI（基准） | O54: =IF(H54="不适用",0,L54) -> 1 | P54: =IF(H54="是",L54,0) -> 0
A55: 50 | B55: P3 循环性 | C55: 材料数据 IMDS | D55: 工厂 | E55: 是否在 IMDS 中完整、准确填报全部材料的"材料来源（含循环材料）"字段？ | F55: Do you completely and accurately report the "material origin (incl. recycled content)" field for all materials in IMDS? | G55: Requirement（2023）。平台提供 IMDS 填报辅导。 / Requirement (2023). Platform offers IMDS reporting guidance. | K55: R | L55: 1 | M55: #4 IMDS 循环材料数据 | N55: Autoliv 采购要求 #4 | O55: =IF(H55="不适用",0,L55) -> 1 | P55: =IF(H55="是",L55,0) -> 0
A56: 51 | B56: P3 循环性 | C56: 生产-水资源回用 | D56: 工厂 | E56: 工厂是否有雨水收集和利用系统？ | F56: Has any rainwater been captured and used? | K56: 计分 | L56: 1 | M56: #2 LCA（水/废物） | N56: Polestar SSI（基准） | O56: =IF(H56="不适用",0,L56) -> 1 | P56: =IF(H56="是",L56,0) -> 0
A57: 52 | B57: P3 循环性 | C57: 生产-水资源回用 | D57: 工厂 | E57: 工厂的废水回用率是否大于30%？ | F57: Is the factory's wastewater reuse rate greater than 30%? | G57: If “Yes", please describe in column L: the value of parameters in the formula of wastewater reuse rate. Please reply as "In 2021, Vw is xx cubic meters, Vd is xx cubic meters, and Lw is xx%" / The wastewater reuse rate is calculated as: Lw=Vw/(Vd+Vw )×100%, where: / Lw——Waste water reuse rate; / Vw——The amount of wastewater that is reused after treatment during the statistical period, in cubic meters; / V | K57: 计分 | L57: 1 | M57: #2 LCA（水/废物） | N57: Polestar SSI（基准） | O57: =IF(H57="不适用",0,L57) -> 1 | P57: =IF(H57="是",L57,0) -> 0
A58: 53 | B58: P3 循环性 | C58: 生产-水资源回用 | D58: 工厂 | E58: 工厂的废水回用率是否大于60%？ | F58: Is the factory's wastewater reuse rate greater than 60%? | G58: Calculation methoud is same as above； / If "Yes" for this question, please make sure you also choose "Yes" for Question 38. / 计算方法同上； / 如果回答为“是“, 请确保在问题38的回答为"是"。 | K58: 计分 | L58: 1 | M58: #2 LCA（水/废物） | N58: Polestar SSI（基准） | O58: =IF(H58="不适用",0,L58) -> 1 | P58: =IF(H58="是",L58,0) -> 0
A59: 54 | B59: P3 循环性 | C59: 生产-水资源回用 | D59: 工厂 | E59: 工厂的废水回用率是否为 | F59: Is the factory's wastewater reuse rate greater than 100%? 100%？ | G59: Calculation methoud is same as above； / If "Yes" for this question, please make sure you also choose "Yes" for Question 38 and 39. / 计算方法同上； / 如果回答为“是“, 请确保在问题38和问题39的回答为"是"。 | K59: 计分 | L59: 1 | M59: #2 LCA（水/废物） | N59: Polestar SSI（基准） | O59: =IF(H59="不适用",0,L59) -> 1 | P59: =IF(H59="是",L59,0) -> 0
A60: 55 | B60: P3 循环性 | C60: 生产-固废资源化 | D60: 工厂 | E60: 工厂工业固体废物综合利用率是否大于40%？ | F60: Is the factory's utilization rate of industrial solid waste greater than 40%? | G60: If “Yes", please describe in column L: the value of parameters in the formula of comprehensive utilization rate of industrial solid waste. Please reply as ”In 2021, Zr is xx tons, Z is xx tons, Zw is xx tons, and Lr is xx%.“ / Comprehensive utilization refers to the extraction or conversion of solid waste into usable resources, energy and other raw materials through recovery, processing, recycling, | K60: 计分 | L60: 1 | M60: #2 LCA（水/废物） | N60: Polestar SSI（基准） | O60: =IF(H60="不适用",0,L60) -> 1 | P60: =IF(H60="是",L60,0) -> 0
A61: 56 | B61: P3 循环性 | C61: 生产-固废资源化 | D61: 工厂 | E61: 工厂工业废弃物目前是否实现了零填埋？ | F61: Has the factory achieved zero landfilling for waste? | G61: If “Yes", please describe how you achieved zero landfill in column L. / 如果‘是’，请在L栏描述如何实现的零填埋。 | K61: 计分 | L61: 1 | M61: #2 LCA（水/废物） | N61: Polestar SSI（基准） | O61: =IF(H61="不适用",0,L61) -> 1 | P61: =IF(H61="是",L61,0) -> 0
A62: 57 | B62: P3 循环性 | C62: 产品-影响评价 | D62: 工厂 | E62: 是否对产品生产过程中的环境影响进行了评估(气候变化/全球变暖之外的影响）？ | F62: Have you conducted assessment of environmental impacts from the product's production process (other than climate change/global warming potential)? | G62: If "Yes", please describe in column L: (1) evaluation content; (2) standards adopted; (3) main stages covered; (4) main conclusions / (1) Examples of evaluation content: acidification/eutrophication of water bodies/destruction of the ozone layer/water ecotoxicity/land use change, etc. / (2) Examples of evaluation standards: GB/T 32161, ISO14044 / (3) Examples of the main stages covered: raw material pro | K62: 计分 | L62: 1 | M62: #2 LCA 影响评价 | N62: Polestar SSI（基准） | O62: =IF(H62="不适用",0,L62) -> 1 | P62: =IF(H62="是",L62,0) -> 0
A63: 58 | B63: P3 循环性 | C63: 产品-影响评价 | D63: 工厂 | E63: 是否根据上述评价结论设定了进一步优化目标？ | F63: Have further optimization targets been set based on the above evaluation conclusions? | G63: If “Yes", please describe the optimization targets in column L. / 如果‘是’，请在L栏描述设定的优化目标。 | K63: 计分 | L63: 1 | M63: #2 LCA 影响评价 | N63: Polestar SSI（基准） | O63: =IF(H63="不适用",0,L63) -> 1 | P63: =IF(H63="是",L63,0) -> 0
A64: 59 | B64: P3 循环性 | C64: 产品-影响评价 | D64: 工厂 | E64: 是否进行了产品的人体健康影响评价？ | F64: Have you conducted evaluation on the product's human health impacts? | G64: If "Yes", please describe in column L: (1) evaluation content; (2) standards adopted; (3) main stages covered; (4) main conclusions / (1) Examples of evaluation content: human toxicity-carcinogenic/human toxicity-non-carcinogenic/inhalable particulate matters (such as particles produced by brake components during braking)/ionizing radiation-human health effects, etc. / (2) Examples of evaluation stand | K64: 计分 | L64: 1 | M64: #2 LCA 影响评价 | N64: Polestar SSI（基准） | O64: =IF(H64="不适用",0,L64) -> 1 | P64: =IF(H64="是",L64,0) -> 0
A65: 60 | B65: P3 循环性 | C65: 产品-影响评价 | D65: 工厂 | E65: 是否根据上述评价结论设定了进一步优化目标？ | F65: Have further optimization targets been set based on the above evaluation conclusions? | G65: If “Yes", please describe the optimization targets in column L. / 如果‘是’，请在L栏描述设定的优化目标。 | K65: 计分 | L65: 1 | M65: #2 LCA 影响评价 | N65: Polestar SSI（基准） | O65: =IF(H65="不适用",0,L65) -> 1 | P65: =IF(H65="是",L65,0) -> 0
A66: 61 | B66: P3 循环性 | C66: 产品-有毒有害物质 | D66: 工厂 | E66: 工厂是否制定了受限物质名单？ | F66: Has the factory established a list of restricted substances? | G66: If "Yes", please describe restricted substances in column L. If more than 10 types, please list out the top 10. / Restriction is a tool to prevent chemicals from causing unacceptable risks to human health and the environment. Restrictions may restrict or prohibit the manufacture or use of certain substances, as well as allowing them to enter the market. The restrictions applies to any chemical subs | K66: 计分 | L66: 1 | M66: #2 LCA 受限物质 | N66: Polestar SSI（基准） | O66: =IF(H66="不适用",0,L66) -> 1 | P66: =IF(H66="是",L66,0) -> 0
A67: 62 | B67: P3 循环性 | C67: 产品-有毒有害物质 | D67: 工厂 | E67: 是否核实产品中原料中是否禁用或者限用物质？ | F67: Have you verified whether there are prohibited or restricted substances in the raw materials of the product? | G67: If "Yes", please describe in column L: (1) measures taken; (2) verification results on whether the product contains prohibited or restricted substances. / Examples of measures: through safety data sheets (SDS) / International Material Data System (IMDS) / third-party laboratory testing and other methods. / 如果‘是’，请在L栏描述：(1)采取的核实的方法；(2)核实结果中产品中是否含有禁用或者限用物质。 / 核实方法举例：通过安全数据表（SDS-safety data sheet）/国际材料数据系统 | K67: 计分 | L67: 1 | M67: #2 LCA 受限物质 | N67: Polestar SSI（基准） | O67: =IF(H67="不适用",0,L67) -> 1 | P67: =IF(H67="是",L67,0) -> 0
A68: 63 | B68: P3 循环性 | C68: 产品-有毒有害物质 | D68: 工厂 | E68: 产品标识或者说明书中是否标注禁用或者限用物质含量信息？ | F68: Does the product label or manual indicate the content of prohibited or restricted substances? | K68: 计分 | L68: 1 | M68: #2 LCA 受限物质 | N68: Polestar SSI（基准） | O68: =IF(H68="不适用",0,L68) -> 1 | P68: =IF(H68="是",L68,0) -> 0
A69: 64 | B69: P3 循环性 | C69: 产品-有毒有害物质 | D69: 工厂 | E69: 计划3年内进一步降低产品中禁用或者限用物质的使用？ | F69: Do you have plan to further reduce the use of prohibited or restricted substances in products within 3 years? | G69: If "Yes", please describe in column L: (1) target substances; (2) targets . / 如果‘是’，请在L栏描述：(1)目标物质名称；2目标。 | K69: 计分 | L69: 1 | M69: #2 LCA 受限物质 | N69: Polestar SSI（基准） | O69: =IF(H69="不适用",0,L69) -> 1 | P69: =IF(H69="是",L69,0) -> 0
A70: 65 | B70: P3 循环性 | C70: 产品-可再生材料和回收材料 | D70: 工厂 | E70: 产品中是否使用了可再生材料？ | F70: Are renewable materials used in the product? | G70: If “Yes”, please describe in column L: (1) the name and weight of the renewable material (kg); (2) which parts use the renewable material; (3) the total weight of a unit of the product (kg). / The proportion of renewable materials refers to the percentage of the total mass of renewable materials in the new product. / Renewable materials refer to resources that can be quickly replenished after human ex | K70: 计分 | L70: 1 | M70: #4 IMDS 再生材料 | N70: Polestar SSI（基准）· 吉利（再生钢20%/铝30%/塑料25%）· 奇瑞（再生铝一体压铸） | O70: =IF(H70="不适用",0,L70) -> 1 | P70: =IF(H70="是",L70,0) -> 0
A71: 66 | B71: P3 循环性 | C71: 产品-可再生材料和回收材料 | D71: 工厂 | E71: 产品中的回收材料比例是否大于5%？ | F71: Is the proportion of recycled materials in the product greater than 5%? | G71: If “Yes”, please describe in column L: (1) The name and weight of the recycled material (kg); (2) total weight of a unit of the product(kg) / The percentage of recycled materials refers to the percentage of the weight of recycled materials in the total weight of the product. / 如果‘是’，请在L栏描述：(1)回收材料的名称和重量（公斤）；(2)单位产品总重量（公斤） / 回收材料比例是指新产品中回收材料质量之和占新产品质量的百分比。 | K71: 计分 | L71: 1 | M71: #4 IMDS 再生材料 | N71: Polestar SSI（基准）· 吉利（再生钢20%/铝30%/塑料25%）· 奇瑞（再生铝一体压铸） | O71: =IF(H71="不适用",0,L71) -> 1 | P71: =IF(H71="是",L71,0) -> 0
A72: 67 | B72: P3 循环性 | C72: 产品-可再生材料和回收材料 | D72: 工厂 | E72: 产品中的回收材料比例是否大于15%？ | F72: Is the proportion of recycled materials in the product greater than 15%? | G72: If “Yes”, please make sure you also choose "Yes" for Question 52 and describe in column L: (1) The name and weight of the recycled material (kg); (2) total weight of a unit of the product(kg). / 如果‘是’，请确保在问题52的回答为"是"，并在L栏描述：(1)回收材料的名称和重量（公斤）；(2)单位产品总重量（公斤）。 | K72: 计分 | L72: 1 | M72: #4 IMDS 再生材料 | N72: Polestar SSI（基准）· 吉利（再生钢20%/铝30%/塑料25%）· 奇瑞（再生铝一体压铸） | O72: =IF(H72="不适用",0,L72) -> 1 | P72: =IF(H72="是",L72,0) -> 0
A73: 68 | B73: P3 循环性 | C73: 产品-可再生材料和回收材料 | D73: 工厂 | E73: 产品中的回收材料比例是否大于30%？ | F73: Is the proportion of recycled materials in the product greater than 30%? | G73: If “Yes”, please make sure you also choose "Yes" for Question 52 and 53 and describe in column L: (1) The name and weight of the recycled material (kg); (2) total weight of a unit of the product(kg) / 如果‘是’，请确保在问题52和53的回答为"是"，在L栏描述：(1)回收材料的名称和重量（公斤）；(2)单位产品总重量（公斤） | K73: 计分 | L73: 1 | M73: #4 IMDS 再生材料 | N73: Polestar SSI（基准）· 吉利（再生钢20%/铝30%/塑料25%）· 奇瑞（再生铝一体压铸） | O73: =IF(H73="不适用",0,L73) -> 1 | P73: =IF(H73="是",L73,0) -> 0
A74: 69 | B74: P3 循环性 | C74: 产品-可再生材料和回收材料 | D74: 工厂 | E74: 产品包装实际回收率大于50%? | F74: Is the actual recycling rate of product packaging greater than 50%? | G74: If “Yes”, please make sure you also choose "Yes" for Question 52, 53 and 54 and describe in column L: (1) recycling rate of packaging; (2) recycling methods. / 如果‘是’，请确保在问题52, 53和54的回答为"是"，并在L栏描述：(1)产品包装的回收率；(2)回收方法。 | K74: 计分 | L74: 1 | M74: #4 IMDS 再生材料 | N74: Polestar SSI（基准）· 吉利（再生钢20%/铝30%/塑料25%）· 奇瑞（再生铝一体压铸） | O74: =IF(H74="不适用",0,L74) -> 1 | P74: =IF(H74="是",L74,0) -> 0
A75: 70 | B75: P3 循环性 | C75: 产品-可再生材料和回收材料 | D75: 工厂 | E75: 未来3年内是否有计划增加回收材料比例的计划？ | F75: Do you have plans to increase the proportion of recycled materials in the next 3 years? | G75: If “Yes”, please describe in column L: (1) target substances; (2) targets. / 如果‘是’，请在L栏描述：(1)目标物质名称；(2)目标比例。 | K75: 计分 | L75: 1 | M75: #4 IMDS 再生材料 | N75: Polestar SSI（基准）· 吉利（再生钢20%/铝30%/塑料25%）· 奇瑞（再生铝一体压铸） | O75: =IF(H75="不适用",0,L75) -> 1 | P75: =IF(H75="是",L75,0) -> 0
A76: 71 | B76: P3 循环性 | C76: 物流/回收体系 | D76: 工厂 | E76: 采用轻量化的包装设计? | F76: Have you adopted a lightweight packaging design? | G76: If “Yes”, please describe the weight of packaging per unit of product in column L. / 如果‘是’，请在L栏描述单位产品所使用的包装重量。 | K76: 计分 | L76: 1 | M76: #15 包装 / 回收体系 | N76: Polestar SSI（基准） | O76: =IF(H76="不适用",0,L76) -> 1 | P76: =IF(H76="是",L76,0) -> 0
A77: 72 | B77: P3 循环性 | C77: 物流/回收体系 | D77: 工厂 | E77: 产品物流是否使用循环周转箱? | F77: Do you use circulation containers for product logistics? | G77: Circulation containers - containers that can be reused. / 循环周转箱：可以多次使用的周转箱。 | K77: 计分 | L77: 1 | M77: #15 包装 / 回收体系 | N77: Polestar SSI（基准） | O77: =IF(H77="不适用",0,L77) -> 1 | P77: =IF(H77="是",L77,0) -> 0
A78: 73 | B78: P3 循环性 | C78: 物流/回收体系 | D78: 工厂 | E78: 是否为下游使用工厂提供拆解信息（如零部件材料、重量、紧固方式、拆解方法及回收利用途径等信息）的技术文档？ | F78: Do you provide technical documents of dismantling information (such as parts materials, weights, fastening methods, dismantling methods, and recycling methods) for downstream factories? | G78: If “Yes”, please describe the main content of the technical documents in column L. / 如果‘是’，请在L栏描述技术文档的主要内容。 | K78: 计分 | L78: 1 | M78: #15 包装 / 回收体系 | N78: Polestar SSI（基准） | O78: =IF(H78="不适用",0,L78) -> 1 | P78: =IF(H78="是",L78,0) -> 0
A79: 74 | B79: P3 循环性 | C79: 物流/回收体系 | D79: 工厂 | E79: 是否对包装材料进行回收利用？ | F79: Do you recover and recycle the packaging materials? | K79: 计分 | L79: 1 | M79: #15 包装 / 回收体系 | N79: Polestar SSI（基准） | O79: =IF(H79="不适用",0,L79) -> 1 | P79: =IF(H79="是",L79,0) -> 0
A80: 75 | B80: P3 循环性 | C80: 零毁林 Deforestation | D80: 工厂 | E80: 是否按属地法规（如欧盟 EUDR）确保供货 Autoliv 的产品零毁林？ | F80: Do you ensure zero-deforestation for products supplied to Autoliv per applicable law (e.g. EU EUDR)? | G80: 新要求 New Requirement（2025）。平台提供 EUDR 尽调服务。 / New Requirement (2025). Platform offers EUDR due-diligence. | K80: N | L80: 1 | M80: #21 零毁林（新要求） | N80: Autoliv 采购要求 #21 · 奇瑞(新增零毁林/生物多样性条款) | O80: =IF(H80="不适用",0,L80) -> 1 | P80: =IF(H80="是",L80,0) -> 0
A81: 76 | B81: P4 负责任商业与透明度 | C81: 可持续报告 | D81: 集团 | E81: 公司是否有公开披露其工厂及供应链社会和环境责任方面的内容？ | F81: Does the corporate publicly disclose information about how they work with social and environmental responsibility in it's factories and supply chain? | G81: If "Yes", please provide the links in column L. / 如果‘是’，请在L栏描述相关链接。 | K81: 计分 | L81: 3 | M81: #33 框架 / 公开披露 | N81: Polestar SSI（基准） | O81: =IF(H81="不适用",0,L81) -> 3 | P81: =IF(H81="是",L81,0) -> 0
A82: 77 | B82: P4 负责任商业与透明度 | C82: 冲突矿产 | D82: 工厂 | E82: 针对冲突矿产，制定了负责任采购这些原材料的政策？ | F82: Do you have a policy for responsible sourcing of raw materials, including conflict minerals? | G82: If "Yes", please describe in column L: (1) the main content of the policy; (2) how do you ensure the effective implementation of the policy / Conflict minerals include: Tungsten (W), Tin (Sn), Tantalum (Ta), Gold (Au), Cobalt (cobalt) / 如果‘是’，请在L栏描述：(1)该政策的主要内容；(2)如何保证该政策可以有效执行 / 冲突矿产包括：钨（W）锡（Sn）钽（Ta）金（Au）钴（cobalt） | K82: R | L82: 3 | M82: #22–#25 冲突矿产 CMRT/EMRT | N82: Polestar SSI（基准）· 奇瑞(3TG+钴云母锂镍石墨)· 小米(反馈率100%)· 吉利(GeeTrace)· 小鹏(CAHRA) | O82: =IF(H82="不适用",0,L82) -> 3 | P82: =IF(H82="是",L82,0) -> 0
A83: 78 | B83: P4 负责任商业与透明度 | C83: 冲突矿产 | D83: 工厂 | E83: 是否有承诺所有金属不是来自非道德采购渠道？ | F83: Do you have a commitment to not source minerals or metals from unethical sources? | K83: 计分 | L83: 3 | M83: #22–#25 冲突矿产 CMRT/EMRT | N83: Polestar SSI（基准）· 奇瑞(3TG+钴云母锂镍石墨)· 小米(反馈率100%)· 吉利(GeeTrace)· 小鹏(CAHRA) | O83: =IF(H83="不适用",0,L83) -> 3 | P83: =IF(H83="是",L83,0) -> 0
A84: 79 | B84: P4 负责任商业与透明度 | C84: 冲突矿产 | D84: 工厂 | E84: 针对冲突矿产，对供应链风险进行识别和评估？ | F84: Relating to conflict minerals, do you identify and evaluate the risks in your supply chain? | G84: If "Yes", and if external evaluation has been conducted, please describe in column L: (1) the organization that provided the evaluation or certification system; (2) evaluation time; (3)main conclusions. If it is a self-evaluation, please describe in column L: (1) evaluation method; (2) main conclusions / 如果‘是’，如果是外部评估，请在L栏描述：(1)评估机构名称或者认证体系名称；(2)评估时间；(3)主要评估结论。如果是自我评估，请在L栏描述：(1)评估的方法；(2)主要评估结论。 | K84: 计分 | L84: 3 | M84: #22–#25 冲突矿产 CMRT/EMRT | N84: Polestar SSI（基准）· 奇瑞(3TG+钴云母锂镍石墨)· 小米(反馈率100%)· 吉利(GeeTrace)· 小鹏(CAHRA) | O84: =IF(H84="不适用",0,L84) -> 3 | P84: =IF(H84="是",L84,0) -> 0
A85: 80 | B85: P4 负责任商业与透明度 | C85: 冲突矿产 | D85: 工厂 | E85: 针对冲突矿产，通过高科技手段识别金属材料的来源？ | F85: Relating to conflict minerals, do you use a chain of custody method to trace and identify the source? | G85: If Yes, Please describe in column L: (1) which method is used (e.g. blockchain); (2) certificate or type of blockchain used. / 如果'是'，请在L栏描述：(1)使用哪种高科技手段(如：区块链); (2) 证书或使用区块链的类型 | K85: 计分 | L85: 3 | M85: #22–#25 冲突矿产 CMRT/EMRT | N85: Polestar SSI（基准）· 奇瑞(3TG+钴云母锂镍石墨)· 小米(反馈率100%)· 吉利(GeeTrace)· 小鹏(CAHRA) | O85: =IF(H85="不适用",0,L85) -> 3 | P85: =IF(H85="是",L85,0) -> 0
A86: 81 | B86: P4 负责任商业与透明度 | C86: 冲突矿产 | D86: 工厂 | E86: 针对冲突矿产，是否制定了供应商风险管理策略？ | F86: Relating to conflict minerals, have you developed any supplier risk management strategies? | G86: e.g. require upstream smelters and refineries to obtain effective conflict-free third-party certification / 例如要求上游冶炼厂和精炼厂等获得有效的无冲突第三方认证 | K86: 计分 | L86: 3 | M86: #22–#25 冲突矿产 CMRT/EMRT | N86: Polestar SSI（基准）· 奇瑞(3TG+钴云母锂镍石墨)· 小米(反馈率100%)· 吉利(GeeTrace)· 小鹏(CAHRA) | O86: =IF(H86="不适用",0,L86) -> 3 | P86: =IF(H86="是",L86,0) -> 0
A87: 82 | B87: P4 负责任商业与透明度 | C87: 冲突矿产 | D87: 工厂 | E87: 上游供应商是否是RCI/RMI/LEM/ASI等成员? | F87: Are upstream suppliers a member of RCI/RMI/LEM/ASI? | K87: 计分 | L87: 3 | M87: #22–#25 冲突矿产 CMRT/EMRT | N87: Polestar SSI（基准）· 奇瑞(3TG+钴云母锂镍石墨)· 小米(反馈率100%)· 吉利(GeeTrace)· 小鹏(CAHRA) | O87: =IF(H87="不适用",0,L87) -> 3 | P87: =IF(H87="是",L87,0) -> 0
A88: 83 | B88: P4 负责任商业与透明度 | C88: 冲突矿产 | D88: 工厂 | E88: 是否填写了CMRT（冲突矿产报告模板） 或者 CRT(钴报告模板）？ | F88: Have you filled out the CMRT (conflict mineral report template) or CRT (cobalt report template)? | G88: If "Yes", and if external evaluation has been conducted, please describe in column L: (1) title of the report; (2) date of report / 如果‘是’，请在L栏描述：(1)报告的名称；(2)报告的填写时间 | K88: 计分 | L88: 3 | M88: #22–#25 冲突矿产 CMRT/EMRT | N88: Polestar SSI（基准）· 奇瑞(3TG+钴云母锂镍石墨)· 小米(反馈率100%)· 吉利(GeeTrace)· 小鹏(CAHRA) | O88: =IF(H88="不适用",0,L88) -> 3 | P88: =IF(H88="是",L88,0) -> 0
A89: 84 | B89: P4 负责任商业与透明度 | C89: 冲突矿产 Conflict Minerals | D89: 集团 | E89: 是否按 Autoliv 要求提交公司级 CMRT（3TG）、EMRT（钴/云母；2025 或扩至锂/镍/铜/石墨）与关键原材料 AMRT 年报，并实现上游供应商 100% 回收率（无豁免）？ | F89: Do you submit company-level CMRT (3TG), EMRT (cobalt/mica; expanding to Li/Ni/Cu/graphite by 2025) and critical-raw-material AMRT annually, achieving 100% upstream response rate (no exemptions)? | G89: Requirement（#22/#24/#26）。工具：iPoint · CMRT 6.2 / EMRT / AMRT。 / Requirement (#22/#24/#26). Tools: iPoint · CMRT 6.2 / EMRT / AMRT. | K89: R | L89: 3 | M89: #22 CMRT / #24 EMRT / #26 AMRT 年报（上游100%回收） | N89: Autoliv 采购要求 #22/#24/#26 · 奇瑞(3TG+钴云母锂镍石墨·2025年606家完成CMRT)· 小米(反馈率100%) | O89: =IF(H89="不适用",0,L89) -> 3 | P89: =IF(H89="是",L89,0) -> 0
A90: 85 | B90: P4 负责任商业与透明度 | C90: 冲突矿产 Conflict Minerals | D90: 工厂 | E90: 若 CMRT/EMRT 发现受制裁或高风险冶炼厂，是否能按零件号追溯 3TG / 扩展矿产来源并立即移除替换？ | F90: If CMRT/EMRT identifies a sanctioned or high-risk smelter, can you trace 3TG / extended-mineral origin by part number and immediately remove/replace it? | G90: Requirement（#23/#25）。 / Requirement (#23/#25). | K90: R | L90: 3 | M90: #23/#25 无受制裁/高风险冶炼厂 | N90: Autoliv 采购要求 #23/#25 · 小鹏(CAHRA 须立即通报) | O90: =IF(H90="不适用",0,L90) -> 3 | P90: =IF(H90="是",L90,0) -> 0
A91: 86 | B91: P4 负责任商业与透明度 | C91: 冲突矿产 Conflict Minerals | D91: 集团 | E91: 是否已建立促进供应链可追溯与透明的管理体系，并按 OECD 尽职调查五步框架开展矿产尽调？ | F91: Have you established a management system for supply-chain traceability/transparency and conduct mineral due diligence per the OECD five-step framework? | G91: Requirement（#27）。平台提供 OECD 尽调体系搭建。 / Requirement (#27). Platform offers OECD due-diligence setup. | K91: R | L91: 1 | M91: #27 实施 OECD 尽调指南 | N91: Autoliv 采购要求 #27 | O91: =IF(H91="不适用",0,L91) -> 1 | P91: =IF(H91="是",L91,0) -> 0
A92: 87 | B92: P4 负责任商业与透明度 | C92: 其他高度关注材料 | D92: 工厂 | E92: 产品中是否使用了其他可再生的高度关注材料？ | F92: Are other materials of high concerns used in the product? | G92: If "Yes", please describe in column L: (1) which materials of high concerns; (2) product name; (3) the proportion of the material in the product. / Materials of high concern include copper, lithium, palladium, zinc, steel/iron, glass (silica sand), graphite (natural), leather, mica, rubber (natural), aluminum, rare earth elements , Nickel. / 如果‘是’，请在L栏描述：(1)是何种高度关注材料；(2)产品名称；(3) 该材料在产品中所占的比例。 / 高度关注材料包括 | K92: 计分 | L92: 1 | M92: #26 关键原材料 / #27 OECD 尽调 | N92: Polestar SSI（基准） | O92: =IF(H92="不适用",0,L92) -> 1 | P92: =IF(H92="是",L92,0) -> 0
A93: 88 | B93: P4 负责任商业与透明度 | C93: 其他高度关注材料 | D93: 工厂 | E93: 产品中的高度关注材料是否可以溯源？ | F93: Can the materials of high concerns in the product be traceable? | G93: If "Yes", please describe in column L: (1) traceable materials; (2) measures to trace; (3) results / 如果‘是’，请在L栏描述：(1)溯源材料名称；(2)溯源的措施；(3)溯源结果 | K93: 计分 | L93: 3 | M93: #26 关键原材料 / #27 OECD 尽调 | N93: Polestar SSI（基准） | O93: =IF(H93="不适用",0,L93) -> 3 | P93: =IF(H93="是",L93,0) -> 0
A94: 89 | B94: P4 负责任商业与透明度 | C94: 其他高度关注材料 | D94: 工厂 | E94: 是否有致力于提高产品原料中高度关注材料所使用的可回收成分的比例？ | F94: Do you have work to increase the share recycled content for materials of high concern? | G94: If "Yes", please describe which materials of high concerns this applies to, and what the share of content is in column L. / 如果‘是’，请在L栏描述使用了何种回收的高度关注材料以及其比例。 | K94: 计分 | L94: 3 | M94: #26 关键原材料 / #27 OECD 尽调 | N94: Polestar SSI（基准） | O94: =IF(H94="不适用",0,L94) -> 3 | P94: =IF(H94="是",L94,0) -> 0
A95: 90 | B95: P4 负责任商业与透明度 | C95: 其他高度关注材料 | D95: 工厂 | E95: 是否调研了高度关注材料的生产过程是否使用清洁能源？ | F95: Have you investigated whether renewable energy is used in the manufacturing process of materials of high concerns? | G95: If "Yes", please describe in column L: (1) which materials of high concerns; (2) investigation methods; (3) proportion of renewable energy. / 如果‘是’，请在L栏描述：(1)高度关注材料名称；(2)调研方法; (3)再生能源的比例 | K95: 计分 | L95: 3 | M95: #26 关键原材料 / #27 OECD 尽调 | N95: Polestar SSI（基准） | O95: =IF(H95="不适用",0,L95) -> 3 | P95: =IF(H95="是",L95,0) -> 0
A96: 91 | B96: P4 负责任商业与透明度 | C96: 其他高度关注材料 | D96: 工厂 | E96: 是否确认过高度关注生产材料的开采和生产过程中没有侵犯人权? | F96: Have a strategy in place to confirm whether there is violation of human rights in the mining and manufacturing of materials of high concerns? | G96: If "Yes", please describe in column L: (1) what system or method is used to confirm; (2) results. / Definition: human rights are the inherent rights of all people, regardless of race, gender, sexual orientation, nationality, ethnicity, language, religion or any other status. Human rights include the right to live and have freedom, the right to be free from slavery and torture, the right of freedom o | K96: 计分 | L96: 3 | M96: #26 关键原材料 / #27 OECD 尽调 | N96: Polestar SSI（基准） | O96: =IF(H96="不适用",0,L96) -> 3 | P96: =IF(H96="是",L96,0) -> 0
A97: 92 | B97: P4 负责任商业与透明度 | C97: 其他高度关注材料 | D97: 工厂 | E97: 是否确认过高度关注生产材料的开采和生产过程没有侵犯动物权问题？ | F97: Have you a strategy in place to confirm that there is no infringement of animal rights in the manufacturing process of materials of high concerns? | G97: If "Yes", please describe in column L: (1) what system or method is used to confirm; (2) results. / Definition: free from hunger and thirst, freedom to live comfortably, freedom from pain and disease, freedom to express nature, freedom from fear and sorrow. / 如果‘是’，请在L栏描述：(1)通过何种系统或者方式进行确认；(2)确认结果 / 动物权意味着动物享有：不受饥渴的自由,生活舒适的自由,不受痛苦伤害和疾病的自由,表达天性的自由,无恐惧和悲伤的自由。 | K97: 计分 | L97: 3 | M97: #26 关键原材料 / #27 OECD 尽调 | N97: Polestar SSI（基准） | O97: =IF(H97="不适用",0,L97) -> 3 | P97: =IF(H97="是",L97,0) -> 0
A98: 93 | B98: P5 安全·包容与环境职场 | C98: 职场平等和多样性 | D98: 工厂 | E98: 工厂女性正式员工员工比例是否超过20%？ | F98: Is the proportion of female permanent employees in the factory more than 20%? | G98: If "Yes", please provide the proportion of female and other gender(s) in column L. / 如果‘是’，请在L栏提供女性以及其他性别比例。 | K98: 计分 | L98: 1 | M98: #29 包容 / 多样性 | N98: Polestar SSI（基准） | O98: =IF(H98="不适用",0,L98) -> 1 | P98: =IF(H98="是",L98,0) -> 0
A99: 94 | B99: P5 安全·包容与环境职场 | C99: 职场平等和多样性 | D99: 工厂 | E99: 工厂管理层员工（EMT）中女性是否超过20%？ | F99: Are there more than 20% of female in the factory's executive management team (EMT)? | G99: If "Yes", please provide the proportion of female and other gender(s) in column L. / 如果‘是’，请在L栏提供女性以及其他性别比例。 | K99: 计分 | L99: 1 | M99: #29 包容 / 多样性 | N99: Polestar SSI（基准） | O99: =IF(H99="不适用",0,L99) -> 1 | P99: =IF(H99="是",L99,0) -> 0
... A105: 100 | B105: P5 安全·包容与环境职场 | C105: 行为准则 | D105: 工厂 | E105: 工厂是否在其招聘程序中规定不允许招聘童工？ | F105: Does the factory stipulate that child labor is not allowed in its recruitment procedures? | G105: The definition of child labor is worker under the age of 15 in accordance with International Labor Organization (ILO) standards, or in accordance with local regulations. / 童工定义按照国际劳工组织（ILO）标准为15周岁以下，或按照当地法规的童工定义。 | K105: R | L105: 1 | M105: #28 职业健康安全 / 劳工人权 | N105: Polestar SSI（基准）· 小米(周60h/七休一/禁扣薪)· 蔚来· 赛力斯(RBA全套)· SAQ 5.0(人权12项) | O105: =IF(H105="不适用",0,L105) -> 1 | P105: =IF(H105="是",L105,0) -> 0
A106: 101 | B106: P5 安全·包容与环境职场 | C106: 行为准则 | D106: 工厂 | E106: 工厂是否在其招聘程序无歧视的条款，包括国籍、肤色、信仰、性别、年龄等？ | F106: Does the factory have non-discriminatory clauses in its recruitment procedures, including nationality, skin color, religion, sex, age, etc.? | K106: R | L106: 1 | M106: #28 职业健康安全 / 劳工人权 | N106: Polestar SSI（基准）· 小米(周60h/七休一/禁扣薪)· 蔚来· 赛力斯(RBA全套)· SAQ 5.0(人权12项) | O106: =IF(H106="不适用",0,L106) -> 1 | P106: =IF(H106="是",L106,0) -> 0
A107: 102 | B107: P5 安全·包容与环境职场 | C107: 行为准则 | D107: 工厂 | E107: 工厂是否有不强迫劳动的书面政策和预防强迫劳动措施？ | F107: Does the factory have a written policy against forced labor and measures to prevent forced labor? | G107: ILO definition of forced labor: all work or service which is exacted from any person under the threat of a penalty and for which the person has not offered himself or herself voluntarily / 强迫劳动的ILO定义：一个人非自愿性工作或服务，包括所有以受到惩罚进行威胁的工作或服务。 | K107: R | L107: 1 | M107: #28 职业健康安全 / 劳工人权 | N107: Polestar SSI（基准）· 小米(周60h/七休一/禁扣薪)· 蔚来· 赛力斯(RBA全套)· SAQ 5.0(人权12项) | O107: =IF(H107="不适用",0,L107) -> 1 | P107: =IF(H107="是",L107,0) -> 0
A108: 103 | B108: P5 安全·包容与环境职场 | C108: 行为准则 | D108: 工厂 | E108: 工厂是否确保所有员工、派遣员工以及其他用工方式员工不包含监狱工？ | F108: Does the factory ensure that all employees, workers from labor agencies, and workers employed through other methods do not include prison workers? | K108: R | L108: 1 | M108: #28 职业健康安全 / 劳工人权 | N108: Polestar SSI（基准）· 小米(周60h/七休一/禁扣薪)· 蔚来· 赛力斯(RBA全套)· SAQ 5.0(人权12项) | O108: =IF(H108="不适用",0,L108) -> 1 | P108: =IF(H108="是",L108,0) -> 0
A109: 104 | B109: P5 安全·包容与环境职场 | C109: 行为准则 | D109: 工厂 | E109: 工厂是否制定书面预防和处理骚扰，虐待，侮辱政策？ | F109: Does the factory have a written policy to prevent and handle harassment, abuse, and insults? | K109: R | L109: 1 | M109: #28 职业健康安全 / 劳工人权 | N109: Polestar SSI（基准）· 小米(周60h/七休一/禁扣薪)· 蔚来· 赛力斯(RBA全套)· SAQ 5.0(人权12项) | O109: =IF(H109="不适用",0,L109) -> 1 | P109: =IF(H109="是",L109,0) -> 0
A110: 105 | B110: P5 安全·包容与环境职场 | C110: 行为准则 | D110: 工厂 | E110: 工厂是否有书面的反腐败条例？ | F110: Does the factory have written anti-corruption policy? | K110: R | L110: 1 | M110: #28 职业健康安全 / 劳工人权 | N110: Polestar SSI（基准）· 小米(周60h/七休一/禁扣薪)· 蔚来· 赛力斯(RBA全套)· SAQ 5.0(人权12项) | O110: =IF(H110="不适用",0,L110) -> 1 | P110: =IF(H110="是",L110,0) -> 0
A111: 106 | B111: P5 安全·包容与环境职场 | C111: 行为准则 | D111: 工厂 | E111: 工厂是否有保障员工自由结社和签署集体谈判协议的权利的书面条款？ | F111: Does the factory have written clauses to protect employees' freedom of association and freedom to sign collective bargaining agreements? | K111: R | L111: 1 | M111: #28 职业健康安全 / 劳工人权 | N111: Polestar SSI（基准）· 小米(周60h/七休一/禁扣薪)· 蔚来· 赛力斯(RBA全套)· SAQ 5.0(人权12项) | O111: =IF(H111="不适用",0,L111) -> 1 | P111: =IF(H111="是",L111,0) -> 0
A112: 107 | B112: P5 安全·包容与环境职场 | C112: 行为准则 | D112: 工厂 | E112: 工厂所有正式员工是否均按照当地法规要求签署书面的劳动合同？ | F112: Have all permanent employees of the factory signed written labor contracts in accordance with local regulations? | G112: If "Yes", please provide the number of people signed labor contracts in column L. / 如果‘是’，请在L栏提供签署劳动合同的员工人数。 | K112: 计分 | L112: 1 | M112: #28 职业健康安全 / 劳工人权 | N112: Polestar SSI（基准）· 小米(周60h/七休一/禁扣薪)· 蔚来· 赛力斯(RBA全套)· SAQ 5.0(人权12项) | O112: =IF(H112="不适用",0,L112) -> 1 | P112: =IF(H112="是",L112,0) -> 0
A113: 108 | B113: P5 安全·包容与环境职场 | C113: 行为准则 | D113: 工厂 | E113: 工厂有否确保所有员工、派遣员工以及其他用工方式员工工时符合所在国行业情况？ | F113: Does the factory ensure that the working hours of all employees, workers from labor agencies, and workers employed through other methods are in line with the industrial practices in the country? | G113: Please provide maximum working hour of local regulations in column L. / 请在L栏提供当地法规要求的最大工时数。 | K113: 计分 | L113: 1 | M113: #28 职业健康安全 / 劳工人权 | N113: Polestar SSI（基准）· 小米(周60h/七休一/禁扣薪)· 蔚来· 赛力斯(RBA全套)· SAQ 5.0(人权12项) | O113: =IF(H113="不适用",0,L113) -> 1 | P113: =IF(H113="是",L113,0) -> 0
A114: 109 | B114: P5 安全·包容与环境职场 | C114: 行为准则 | D114: 工厂 | E114: 工厂有否确保所有员工、派遣员工以及其他用工方式员工薪资水平不低于当地法规最低工资要求？ | F114: Does the factory ensure that the wage level of all employees, workers from labor agencies, and workers employed through other methods is not lower than the minimum wage required by local regulations? | K114: R | L114: 1 | M114: #28 职业健康安全 / 劳工人权 | N114: Polestar SSI（基准）· 小米(周60h/七休一/禁扣薪)· 蔚来· 赛力斯(RBA全套)· SAQ 5.0(人权12项) | O114: =IF(H114="不适用",0,L114) -> 1 | P114: =IF(H114="是",L114,0) -> 0
A115: 110 | B115: P5 安全·包容与环境职场 | C115: 行为准则 | D115: 工厂 | E115: 工厂有否确保所有员工、派遣员工以及其他用工方式员工足额得到当地法规要求的加班工资？ | F115: Does the factory ensure that all employees, dispatched employees, and other employment methods are paid in full for overtime work required by local regulations? | G115: Please provide local overtime wage standards in column L. / 请在L栏提供当地加班工资标准。 | K115: 计分 | L115: 1 | M115: #28 职业健康安全 / 劳工人权 | N115: Polestar SSI（基准）· 小米(周60h/七休一/禁扣薪)· 蔚来· 赛力斯(RBA全套)· SAQ 5.0(人权12项) | O115: =IF(H115="不适用",0,L115) -> 1 | P115: =IF(H115="是",L115,0) -> 0
...

Sheet 计分汇总 Score
B2: 计分汇总 Score Summary
B3: 得分 = Σ权重(是) / Σ权重(全部，剔除 N/A) × 100；数据来源『问卷正文』。作答后自动刷新。
B5: 支柱 Pillar | C5: 题数 Q | D5: 当前得分 Score | E5: 满分 Wt | F5: 最低项 R | G5: R 未达标 Below-min
B6: P1 可持续管理框架与传导 | C6: =COUNTIF('问卷正文 Questionnaire'!$B$6:$B$138,B6&"*") -> 8 | D6: =IF(SUMIFS('问卷正文 Questionnaire'!$O$6:$O$138,'问卷正文 Questionnaire'!$B$6:$B$138,B6&"*")=0,"—",ROUND(SUMIFS('问卷正文 Questionnaire'!$P$6:$P$138,'问卷正文 Questionnaire'!$B$6:$B$138,B6&"*")/SUMIFS('问卷正文 Questionnaire'!$O$6:$O$138,'问卷正文 Questionnaire'!$B$6:$B$138,B6&"*")*100,1)) -> 0 | E6: =SUMIFS('问卷正文 Questionnaire'!$O$6:$O$138,'问卷正文 Questionnaire'!$B$6:$B$138,B6&"*") -> 12 | F6: =COUNTIFS('问卷正文 Questionnaire'!$B$6:$B$138,B6&"*",'问卷正文 Questionnaire'!$K$6:$K$138,"R") -> 4 | G6: =COUNTIFS('问卷正文 Questionnaire'!$B$6:$B$138,B6&"*",'问卷正文 Questionnaire'!$K$6:$K$138,"R",'问卷正文 Questionnaire'!$H$6:$H$138,"否") -> 0
B7: P2 气候中和 | C7: =COUNTIF('问卷正文 Questionnaire'!$B$6:$B$138,B7&"*") -> 38 | D7: =IF(SUMIFS('问卷正文 Questionnaire'!$O$6:$O$138,'问卷正文 Questionnaire'!$B$6:$B$138,B7&"*")=0,"—",ROUND(SUMIFS('问卷正文 Questionnaire'!$P$6:$P$138,'问卷正文 Questionnaire'!$B$6:$B$138,B7&"*")/SUMIFS('问卷正文 Questionnaire'!$O$6:$O$138,'问卷正文 Questionnaire'!$B$6:$B$138,B7&"*")*100,1)) -> 0 | E7: =SUMIFS('问卷正文 Questionnaire'!$O$6:$O$138,'问卷正文 Questionnaire'!$B$6:$B$138,B7&"*") -> 40 | F7: =COUNTIFS('问卷正文 Questionnaire'!$B$6:$B$138,B7&"*",'问卷正文 Questionnaire'!$K$6:$K$138,"R") -> 6 | G7: =COUNTIFS('问卷正文 Questionnaire'!$B$6:$B$138,B7&"*",'问卷正文 Questionnaire'!$K$6:$K$138,"R",'问卷正文 Questionnaire'!$H$6:$H$138,"否") -> 0
B8: P3 循环性 | C8: =COUNTIF('问卷正文 Questionnaire'!$B$6:$B$138,B8&"*") -> 29 | D8: =IF(SUMIFS('问卷正文 Questionnaire'!$O$6:$O$138,'问卷正文 Questionnaire'!$B$6:$B$138,B8&"*")=0,"—",ROUND(SUMIFS('问卷正文 Questionnaire'!$P$6:$P$138,'问卷正文 Questionnaire'!$B$6:$B$138,B8&"*")/SUMIFS('问卷正文 Questionnaire'!$O$6:$O$138,'问卷正文 Questionnaire'!$B$6:$B$138,B8&"*")*100,1)) -> 0 | E8: =SUMIFS('问卷正文 Questionnaire'!$O$6:$O$138,'问卷正文 Questionnaire'!$B$6:$B$138,B8&"*") -> 29 | F8: =COUNTIFS('问卷正文 Questionnaire'!$B$6:$B$138,B8&"*",'问卷正文 Questionnaire'!$K$6:$K$138,"R") -> 1 | G8: =COUNTIFS('问卷正文 Questionnaire'!$B$6:$B$138,B8&"*",'问卷正文 Questionnaire'!$K$6:$K$138,"R",'问卷正文 Questionnaire'!$H$6:$H$138,"否") -> 0
B9: P4 负责任商业与透明度 | C9: =COUNTIF('问卷正文 Questionnaire'!$B$6:$B$138,B9&"*") -> 17 | D9: =IF(SUMIFS('问卷正文 Questionnaire'!$O$6:$O$138,'问卷正文 Questionnaire'!$B$6:$B$138,B9&"*")=0,"—",ROUND(SUMIFS('问卷正文 Questionnaire'!$P$6:$P$138,'问卷正文 Questionnaire'!$B$6:$B$138,B9&"*")/SUMIFS('问卷正文 Questionnaire'!$O$6:$O$138,'问卷正文 Questionnaire'!$B$6:$B$138,B9&"*")*100,1)) -> 0 | E9: =SUMIFS('问卷正文 Questionnaire'!$O$6:$O$138,'问卷正文 Questionnaire'!$B$6:$B$138,B9&"*") -> 47 | F9: =COUNTIFS('问卷正文 Questionnaire'!$B$6:$B$138,B9&"*",'问卷正文 Questionnaire'!$K$6:$K$138,"R") -> 4 | G9: =COUNTIFS('问卷正文 Questionnaire'!$B$6:$B$138,B9&"*",'问卷正文 Questionnaire'!$K$6:$K$138,"R",'问卷正文 Questionnaire'!$H$6:$H$138,"否") -> 0
B10: P5 安全·包容与环境职场 | C10: =COUNTIF('问卷正文 Questionnaire'!$B$6:$B$138,B10&"*") -> 38 | D10: =IF(SUMIFS('问卷正文 Questionnaire'!$O$6:$O$138,'问卷正文 Questionnaire'!$B$6:$B$138,B10&"*")=0,"—",ROUND(SUMIFS('问卷正文 Questionnaire'!$P$6:$P$138,'问卷正文 Questionnaire'!$B$6:$B$138,B10&"*")/SUMIFS('问卷正文 Questionnaire'!$O$6:$O$138,'问卷正文 Questionnaire'!$B$6:$B$138,B10&"*")*100,1)) -> 0 | E10: =SUMIFS('问卷正文 Questionnaire'!$O$6:$O$138,'问卷正文 Questionnaire'!$B$6:$B$138,B10&"*") -> 40 | F10: =COUNTIFS('问卷正文 Questionnaire'!$B$6:$B$138,B10&"*",'问卷正文 Questionnaire'!$K$6:$K$138,"R") -> 12 | G10: =COUNTIFS('问卷正文 Questionnaire'!$B$6:$B$138,B10&"*",'问卷正文 Questionnaire'!$K$6:$K$138,"R",'问卷正文 Questionnaire'!$H$6:$H$138,"否") -> 0
B11: P6 拯救更多生命 · 道路安全 | C11: =COUNTIF('问卷正文 Questionnaire'!$B$6:$B$138,B11&"*") -> 3 | D11: =IF(SUMIFS('问卷正文 Questionnaire'!$O$6:$O$138,'问卷正文 Questionnaire'!$B$6:$B$138,B11&"*")=0,"—",ROUND(SUMIFS('问卷正文 Questionnaire'!$P$6:$P$138,'问卷正文 Questionnaire'!$B$6:$B$138,B11&"*")/SUMIFS('问卷正文 Questionnaire'!$O$6:$O$138,'问卷正文 Questionnaire'!$B$6:$B$138,B11&"*")*100,1)) -> 0 | E11: =SUMIFS('问卷正文 Questionnaire'!$O$6:$O$138,'问卷正文 Questionnaire'!$B$6:$B$138,B11&"*") -> 5 | F11: =COUNTIFS('问卷正文 Questionnaire'!$B$6:$B$138,B11&"*",'问卷正文 Questionnaire'!$K$6:$K$138,"R") -> 1 | G11: =COUNTIFS('问卷正文 Questionnaire'!$B$6:$B$138,B11&"*",'问卷正文 Questionnaire'!$K$6:$K$138,"R",'问卷正文 Questionnaire'!$H$6:$H$138,"否") -> 0
B12: 总计 TOTAL | C12: =COUNTA('问卷正文 Questionnaire'!$A$6:$A$138) -> 133 | D12: =IF(SUM('问卷正文 Questionnaire'!$O$6:$O$138)=0,"—",ROUND(SUM('问卷正文 Questionnaire'!$P$6:$P$138)/SUM('问卷正文 Questionnaire'!$O$6:$O$138)*100,1)) -> 0 | E12: =SUM('问卷正文 Questionnaire'!$O$6:$O$138) -> 173 | F12: =COUNTIF('问卷正文 Questionnaire'!$K$6:$K$138,"R") -> 28 | G12: =COUNTIFS('问卷正文 Questionnaire'!$K$6:$K$138,"R",'问卷正文 Questionnaire'!$H$6:$H$138,"否") -> 0
B14: =IF(G12>0,"⚠ 存在 "&G12&" 项最低要求(R)未达标 —— 未过最低门槛，须优先整改。 Below-minimum: not passed.","✓ 所有最低要求(R)均已满足。 All Requirements met.") -> ✓ 所有最低要求(R)均已满足。 All Requirements met.
B16: 数据校验 Data checks
B17: • 未作答 No answer | D17: =COUNTBLANK('问卷正文 Questionnaire'!$H$6:$H$138) -> 133
B18: • 答『是』但缺支持信息 Yes w/o support | D18: =SUMPRODUCT(('问卷正文 Questionnaire'!$H$6:$H$138="是")*('问卷正文 Questionnaire'!$I$6:$I$138="")) -> 0
B19: • 最低要求(R)未达标 Below-minimum | D19: =COUNTIFS('问卷正文 Questionnaire'!$K$6:$K$138,"R",'问卷正文 Questionnaire'!$H$6:$H$138,"否") -> 0

Sheet 权重表 Weights
A1: 编号 No. | B1: 支柱 Pillar | C1: 权重 Weight | D1: 强制 Type | E1: 题目 Question(CN)
A2: 1 | B2: P1 可持续管理框架与传导 | C2: 1 | D2: R | E2: 公司是否任命高管层的可持续发展负责人（涵盖社会/合规/环境），职责已成文并保持联系方式更新？
A3: 2 | B3: P1 可持续管理框架与传导 | C3: 1 | D3: 计分 | E3: 选择供应商时，是否将低碳与可持续要求（含 Autoliv 采购要求）作为准入与选择标准？
A4: 3 | B4: P1 可持续管理框架与传导 | C4: 3 | D4: R | E4: 是否已将 Autoliv 全部可持续采购要求逐条传导至上游（Tier-2），并验证 Tier-2 已采纳、要求其继续向 Tier-3 传导？
A5: 4 | B5: P1 可持续管理框架与传导 | C5: 1 | D5: 计分 | E5: 是否对上游供应商开展环保与减排培训？（培训记录即作为支持信息）
A6: 5 | B6: P1 可持续管理框架与传导 | C6: 1 | D6: E | E6: 是否能按 Autoliv 零件号将供应链追溯至 Tier-N（含原材料级），并全力配合 Autoliv 信息请求？
A7: 6 | B7: P1 可持续管理框架与传导 | C7: 1 | D7: 计分 | E7: 是否建立对上游供应商定期环境（及可持续）考核机制，并要求考核结果较差的供应商限期改善？
A8: 7 | B8: P1 可持续管理框架与传导 | C8: 1 | D8: R | E8: 是否承诺按 Autoliv 要求 100% 完整完成年度供应商可持续自评问卷（本问卷 / SupplierAssurance-NQC 平台）？
A9: 8 | B9: P1 可持续管理框架与传导 | C9: 3 | D9: R | E9: 是否接受并全力配合 Autoliv 及其授权第三方的现场审核，并对发现项制定与落实纠正措施（每 3 年或按风险提前）？
A10: 9 | B10: P2 气候中和 | C10: 1 | D10: 计分 | E10: 是否在工厂发展战略规划、发展理念等管理方针文件中，包含节能减排等相关内容？
A11: 10 | B11: P2 气候中和 | C11: 1 | D11: R | E11: 是否有（1）能耗数据统计和（2）碳排放计算和管理？
A12: 11 | B12: P2 气候中和 | C12: 1 | D12: R | E12: 是否知道碳减排的概念和知识，是否已经或正在制定碳减排的方案？
A13: 12 | B13: P2 气候中和 | C13: 1 | D13: R | E13: 是否有负责碳排放统计和管理人员？
... A134: 133 | B134: P6 拯救更多生命 · 道路安全 | C134: 1 | D134: E | E134: 重型货车（HGV）是否配备气囊、安全带与酒精锁，新购运输车辆是否按所在市场最高安全评级采购？
